"id","status","file","transparentPixels"
"0_0","original_egg_shared","128x128/0_0_back.png","15260"
"1_0","original_back","128x128/1_0_back.png","10906"
"1_1","ai_generated_draft","128x128/1_1_back.png","12014"
"1_2","ai_generated_draft","128x128/1_2_back.png","10835"
"2_0","ai_generated_draft","128x128/2_0_back.png","13325"
"2_1","ai_generated_draft","128x128/2_1_back.png","11040"
"2_2","ai_generated_draft","128x128/2_2_back.png","9041"
"3_0","ai_generated_draft","128x128/3_0_back.png","12320"
"3_1","ai_generated_draft","128x128/3_1_back.png","11808"
"3_2","ai_generated_draft","128x128/3_2_back.png","11297"
"4_0","ai_generated_draft","128x128/4_0_back.png","14489"
"4_1","ai_generated_draft","128x128/4_1_back.png","11888"
"4_2","ai_generated_draft","128x128/4_2_back.png","12451"
"5_0","ai_generated_draft","128x128/5_0_back.png","13549"
"6_0","ai_generated_draft","128x128/6_0_back.png","12015"
"6_1","ai_generated_draft","128x128/6_1_back.png","11182"
"6_2","ai_generated_draft","128x128/6_2_back.png","11999"
"7_0","ai_generated_draft","128x128/7_0_back.png","12422"
"7_1","ai_generated_draft","128x128/7_1_back.png","12174"
"7_2","ai_generated_draft","128x128/7_2_back.png","12986"
"8_0","ai_generated_draft","128x128/8_0_back.png","12893"
"8_1","ai_generated_draft","128x128/8_1_back.png","9118"
"9_0","ai_generated_draft","128x128/9_0_back.png","13753"
"9_1","ai_generated_draft","128x128/9_1_back.png","11097"
"10_0","ai_generated_draft","128x128/10_0_back.png","13381"
"10_1","ai_generated_draft","128x128/10_1_back.png","13056"
"11_0","ai_generated_draft","128x128/11_0_back.png","11073"
"11_1","ai_generated_draft","128x128/11_1_back.png","11417"
"12_0","ai_generated_draft","128x128/12_0_back.png","13887"
"12_1","ai_generated_draft","128x128/12_1_back.png","13745"
"13_0","ai_generated_draft","128x128/13_0_back.png","13811"
"13_1","ai_generated_draft","128x128/13_1_back.png","11642"
"14_0","ai_generated_draft","128x128/14_0_back.png","14099"
"14_1","ai_generated_draft","128x128/14_1_back.png","12716"
"15_0","ai_generated_draft","128x128/15_0_back.png","14147"
"15_1","ai_generated_draft","128x128/15_1_back.png","12967"
"16_0","ai_generated_draft","128x128/16_0_back.png","12092"
"16_1","ai_generated_draft","128x128/16_1_back.png","11177"
"16_2","ai_generated_draft","128x128/16_2_back.png","11715"
"17_0","ai_generated_draft","128x128/17_0_back.png","13656"
"17_1","ai_generated_draft","128x128/17_1_back.png","9547"
"17_2","ai_generated_draft","128x128/17_2_back.png","11006"
"18_0","ai_generated_draft","128x128/18_0_back.png","13246"
"18_1","ai_generated_draft","128x128/18_1_back.png","12852"
"18_2","ai_generated_draft","128x128/18_2_back.png","9588"
"19_0","ai_generated_draft","128x128/19_0_back.png","14311"
"19_1","ai_generated_draft","128x128/19_1_back.png","13042"
"19_2","ai_generated_draft","128x128/19_2_back.png","8487"
"20_0","ai_generated_draft","128x128/20_0_back.png","13980"
"20_1","ai_generated_draft","128x128/20_1_back.png","14476"
"20_2","ai_generated_draft","128x128/20_2_back.png","13196"
"21_0","ai_generated_draft","128x128/21_0_back.png","14149"
"21_1","ai_generated_draft","128x128/21_1_back.png","14179"
"21_2","ai_generated_draft","128x128/21_2_back.png","12174"
"22_0","ai_generated_draft","128x128/22_0_back.png","15110"
"22_1","ai_generated_draft","128x128/22_1_back.png","10824"
"23_0","ai_generated_draft","128x128/23_0_back.png","12709"
"24_0","ai_generated_draft","128x128/24_0_back.png","10680"
"25_0","ai_generated_draft","128x128/25_0_back.png","12643"
"26_0","ai_generated_draft","128x128/26_0_back.png","14673"
"26_1","ai_generated_draft","128x128/26_1_back.png","13027"
"27_0","ai_generated_draft","128x128/27_0_back.png","12063"
"27_1","ai_generated_draft","128x128/27_1_back.png","12985"
"28_0","ai_generated_draft","128x128/28_0_back.png","12467"
"29_0","ai_generated_draft","128x128/29_0_back.png","13834"
"30_0","ai_generated_draft","128x128/30_0_back.png","11623"
"31_0","ai_generated_draft","128x128/31_0_back.png","9809"
"32_0","ai_generated_draft","128x128/32_0_back.png","12803"
"33_0","ai_generated_draft","128x128/33_0_back.png","11765"
"34_0","ai_generated_draft","128x128/34_0_back.png","13628"
"35_0","ai_generated_draft","128x128/35_0_back.png","13706"
"36_0","ai_generated_draft","128x128/36_0_back.png","13122"
"37_0","ai_generated_draft","128x128/37_0_back.png","13122"
"38_0","ai_generated_draft","128x128/38_0_back.png","12084"
"39_0","ai_generated_draft","128x128/39_0_back.png","14312"
"40_0","ai_generated_draft","128x128/40_0_back.png","12966"
"41_0","ai_generated_draft","128x128/41_0_back.png","13640"
"42_0","ai_generated_draft","128x128/42_0_back.png","13800"
"42_1","ai_generated_draft","128x128/42_1_back.png","13433"
"42_2","ai_generated_draft","128x128/42_2_back.png","10587"
"43_0","ai_generated_draft","128x128/43_0_back.png","14814"
"43_1","ai_generated_draft","128x128/43_1_back.png","14129"
"44_0","ai_generated_draft","128x128/44_0_back.png","13049"
"44_1","ai_generated_draft","128x128/44_1_back.png","13214"
"45_0","ai_generated_draft","128x128/45_0_back.png","14589"
"45_1","ai_generated_draft","128x128/45_1_back.png","13522"
"45_2","ai_generated_draft","128x128/45_2_back.png","11063"
"46_0","ai_generated_draft","128x128/46_0_back.png","13752"
"46_1","ai_generated_draft","128x128/46_1_back.png","12641"
"46_2","ai_generated_draft","128x128/46_2_back.png","10887"
"47_0","ai_generated_draft","128x128/47_0_back.png","13810"
"47_1","ai_generated_draft","128x128/47_1_back.png","12760"
"47_2","ai_generated_draft","128x128/47_2_back.png","12801"
"47_3","ai_generated_draft","128x128/47_3_back.png","9953"
"48_0","ai_generated_draft","128x128/48_0_back.png","11568"
"49_0","ai_generated_draft","128x128/49_0_back.png","11660"
"50_0","ai_generated_draft","128x128/50_0_back.png","12922"
"51_0","ai_generated_draft","128x128/51_0_back.png","14145"
"51_1","ai_generated_draft","128x128/51_1_back.png","12249"
"51_2","ai_generated_draft","128x128/51_2_back.png","10160"
